INSERT INTO flight (f_id, origin, destination, f_date, dep_time, arrival_time, prices)
VALUES 
(10001, 'Mumbai', 'Delhi', '2023-04-01', '09:00:00', '11:30:00', 5000),
(10002, 'Delhi', 'Mumbai', '2023-04-01', '14:00:00', '16:30:00', 5500),
(10003, 'Chennai', 'Bangalore', '2023-04-02', '10:30:00', '11:30:00', 3000),
(10004, 'Bangalore', 'Chennai', '2023-04-02', '16:00:00', '17:00:00', 2800),
(10005, 'Hyderabad', 'Kolkata', '2023-04-03', '11:00:00', '13:30:00', 6000),
(10006, 'Kolkata', 'Hyderabad', '2023-04-03', '15:00:00', '17:30:00', 6500),
(10007, 'Jaipur', 'Lucknow', '2023-04-04', '09:30:00', '11:30:00', 3500),
(10008, 'Lucknow', 'Jaipur', '2023-04-04', '14:00:00', '16:00:00', 3800),
(10009, 'Ahmedabad', 'Mumbai', '2023-04-05', '10:00:00', '11:30:00', 2500),
(10010, 'Mumbai', 'Ahmedabad', '2023-04-05', '15:00:00', '16:30:00', 2800),
(10011, 'Delhi', 'Chennai', '2023-04-06', '11:00:00', '13:30:00', 4500),
(10012, 'Chennai', 'Delhi', '2023-04-06', '15:00:00', '17:30:00', 5000),
(10013, 'Mumbai', 'Kolkata', '2023-04-07', '10:30:00', '13:00:00', 6500),
(10014, 'Kolkata', 'Mumbai', '2023-04-07', '14:00:00', '16:30:00', 7000),
(10015, 'Bangalore', 'Jaipur', '2023-04-08', '09:00:00', '11:00:00', 4000),
(10016, 'Jaipur', 'Bangalore', '2023-04-08', '13:00:00', '15:00:00', 4500),
(10017, 'Hyderabad', 'Lucknow', '2023-04-09', '10:00:00', '12:30:00', 5500),
(10018, 'Lucknow', 'Hyderabad', '2023-04-09', '14:00:00', '16:30:00', 6000),
(10019, 'Ahmedabad', 'Chennai', '2023-04-10', '11:30:00', '14:00:00', 4800),
(10020, 'Chennai', 'Ahmedabad', '2023-04-10', '15:00:00', '17:30:00', 5200);

INSERT INTO passenger (p_id, p_num, p_name, title, p_email, age, r_id) 
VALUES 
  (48320, 1234567890, 'Rahul Sharma', 'Mr.', 'rahul.sharma@example.com', 28, 101),
  (69154, 9876543210, 'Priya Patel', 'Ms.', 'priya.patel@example.com', 25, 102),
  (85923, 8765432109, 'Amit Kumar', 'Mr.', 'amit.kumar@example.com', 32, 103),
  (25748, 7654321098, 'Sonia Singh', 'Ms.', 'sonia.singh@example.com', 22, 104),
  (13459, 6543210987, 'Sanjay Gupta', 'Mr.', 'sanjay.gupta@example.com', 30, 105),
  (870paymentpayment15, 5432109876, 'Neha Sharma', 'Ms.', 'neha.sharma@example.com', 27, 106),
  (42651, 4321098765, 'Rakesh Singh', 'Mr.', 'rakesh.singh@example.com', 35, 107),
  (97213, 3210987654, 'Shreya Verma', 'Ms.', 'shreya.verma@example.com', 29, 108),
  (56872, 2109876543, 'Vikram Patel', 'Mr.', 'vikram.patel@example.com', 31, 109),
  (36925, 9876543211, 'Anjali Sharma', 'Ms.', 'anjali.sharma@example.com', 26, 110),
  (23695, 1234567891, 'Alok Kumar', 'Mr.', 'alok.kumar@example.com', 33, 111),
  (14587, 9876543212, 'Smita Gupta', 'Ms.', 'smita.gupta@example.com', 29, 112),
  (75309, 8765432101, 'Rohit Patel', 'Mr.', 'rohit.patel@example.com', 27, 113),
  (96842, 7654321092, 'Meera Singh', 'Ms.', 'meera.singh@example.com', 31, 114),
  (53217, 6543210983, 'Nitin Sharma', 'Mr.', 'nitin.sharma@example.com', 26, 115),
  (28034, 5432109874, 'Anu Verma', 'Ms.', 'anu.verma@example.com', 23, 116),
  (47689, 4321098765, 'Kunal Singh', 'Mr.', 'kunal.singh@example.com', 34, 117),
  (69431, 3210987656, 'Pooja Patel', 'Ms.', 'pooja.patel@example.com', 30, 118),
  (82147, 2109876547, 'Rajesh Kumar', 'Mr.', 'rajesh.kumar@example.com', 35, 119),
  (12783, 9876543213, 'Sakshi Sharma', 'Ms.', 'sakshi.sharma@example.com', 28, 120);
  
INSERT INTO payment (pay_id, p_id, pay_method, pay_amount, f_id)
VALUES
  (50001, 10001, 'Credit Card', 5000, 20001),
  (50002, 10002, 'Debit Card', 7500, 20002),
  (50003, 10003, 'Net Banking', 10000, 20003),
  (50004, 10004, 'UPI', 2500, 20004),
  (50005, 10005, 'Cash', 5000, 20005),
  (50006, 10006, 'Credit Card', 8000, 20006),
  (50007, 10007, 'Debit Card', 9000, 20007),
  (50008, 10008, 'Net Banking', 12000, 20008),
  (50009, 10009, 'UPI', 1500, 20009),
  (50010, 10010, 'Cash', 4000, 20010),
  (50011, 10011, 'Credit Card', 6000, 20011),
  (50012, 10012, 'Debit Card', 9500, 20012),
  (50013, 10013, 'Net Banking', 11000, 20013),
  (50014, 10014, 'UPI', 2000, 20014),
  (50015, 10015, 'Cash', 6000, 20015),
  (50016, 10016, 'Credit Card', 8500, 20016),
  (50017, 10017, 'Debit Card', 7000, 20017),
  (50018, 10018, 'Net Banking', 13000, 20018),
  (50019, 10019, 'UPI', 3000, 20019),
  (50020, 10020, 'Cash', 5500, 20020);

INSERT INTO payment (pay_id, p_id, pay_method, pay_amount, f_id)
VALUES 
(50001, 12783, 'Cash', 5000, 10001),
(50002, 13459, 'Credit Card', 5500, 10002),
(50003, 14587, 'Debit Card', 3000, 10003),
(50004, 23695, 'UPI', 2800, 10004),
(50005, 25748, 'Cash', 6000, 10005),
(50006, 28034, 'Credit Card', 6500, 10006),
(50007, 36925, 'Debit Card', 3500, 10007),
(50008, 42651, 'UPI', 3800, 10008),
(50009, 47689, 'Cash', 2500, 10009),
(50010, 48320, 'Credit Card', 2800, 10010),
(50011, 53217, 'Debit Card', 4500, 10011),
(50012, 56872, 'UPI', 5000, 10012),
(50013, 69154, 'Cash', 6500, 10013),
(50014, 69431, 'Credit Card', 7000, 10014),
(50015, 75309, 'Debit Card', 4000, 10015),
(50016, 82147, 'UPI', 4500, 10016),
(50017, 85923, 'Cash', 5500, 10017),
(50018, 87015, 'Credit Card', 6000, 10018),
(50019, 96842, 'Debit Card', 4800, 10019),
(50020, 97213, 'UPI', 5200, 10020);

INSERT INTO reservation (r_id, p_id, f_id, seat_num, r_date) 
VALUES 
(120, 12783, 10001, 10, '2023-03-27'),
(105, 13459, 10002, 5, '2023-03-27'),
(112, 14587, 10003, 8, '2023-03-27'),
(111, 23695, 10004, 2, '2023-03-27'),
(104, 25748, 10005, 7, '2023-03-27'),
(116, 28034, 10006, 9, '2023-03-27'),
(110, 36925, 10007, 3, '2023-03-27'),
(107, 42651, 10008, 4, '2023-03-27'),
(117, 47689, 10009, 6, '2023-03-27'),
(101, 48320, 10010, 1, '2023-03-27'),
(115, 53217, 10011, 3, '2023-03-27'),
(109, 56872, 10012, 5, '2023-03-27'),
(102, 69154, 10013, 7, '2023-03-27'),
(118, 69431, 10014, 4, '2023-03-27'),
(113, 75309, 10015, 2, '2023-03-27'),
(119, 82147, 10016, 6, '2023-03-27'),
(103, 85923, 10017, 8, '2023-03-27'),
(106, 87015, 10018, 10, '2023-03-27'),
(114, 96842, 10019, 3, '2023-03-27'),
(108, 97213, 10020, 5, '2023-03-27');

INSERT INTO ticket (t_id, f_id, p_id, ti_class) VALUES
(99999, 10001, 12783, 'a'),
(99998, 10002, 13459, 'b'),
(99997, 10003, 14587, 'c'),
(99996, 10004, 23695, 'd'),
(99995, 10005, 25748, 'a'),
(99994, 10006, 28034, 'b'),
(99993, 10007, 36925, 'c'),
(99992, 10008, 42651, 'd'),
(99991, 10009, 47689, 'a'),
(99990, 10010, 48320, 'b'),
(99989, 10011, 53217, 'c'),
(99988, 10012, 56872, 'd'),
(99987, 10013, 69154, 'a'),
(99986, 10014, 69431, 'b'),
(99985, 10015, 75309, 'c'),
(99984, 10016, 82147, 'd'),
(99983, 10017, 85923, 'a'),
(99982, 10018, 87015, 'b'),
(99981, 10019, 96842, 'c'),
(99980, 10020, 97213, 'd');
  